{"cameraMode":{"drawMode":0,"name":"Shaded","section":"Shading Mode"},"sceneLighting":false,"audioPlay":false,"sceneViewState":{"m_AlwaysRefresh":false,"showFog":true,"showSkybox":false,"showFlares":true,"showImageEffects":true,"showParticleSystems":true,"showVisualEffectGraphs":true,"m_FxEnabled":true},"in2DMode":false,"pivot":{"x":-0.03131777048110962,"y":1.2548246383666993,"z":-0.0685352087020874},"rotation":{"x":0.032333601266145709,"y":0.7460930347442627,"z":-0.03612624108791351,"w":0.6641607284545898},"size":1.1651567220687867,"orthographic":true}