{"cameraMode":{"drawMode":0,"name":"Shaded","section":"Shading Mode"},"sceneLighting":false,"audioPlay":false,"sceneViewState":{"m_AlwaysRefresh":false,"showFog":true,"showSkybox":false,"showFlares":true,"showImageEffects":true,"showParticleSystems":true,"showVisualEffectGraphs":true,"m_FxEnabled":true},"in2DMode":false,"pivot":{"x":-0.34000012278556826,"y":1.4384077787399293,"z":1.470147728919983},"rotation":{"x":0.12644346058368684,"y":0.5135583877563477,"z":-0.07682891935110092,"w":0.845203697681427},"size":0.8350518941879273,"orthographic":true}